{
    "depthInBase": [
        -0.29091932650821883,
        -0.06854780979331432,
        0.05492581836883125,
        -0.3232014959886373,
        -0.32053750337746617,
        0.626840672738239,
        0.6323505933580833
    ],
    "depthToCloud_offset": {
        "Region0": {
            "Layer0": [
                1.0031324840170253,
                -3.208884099551525e-05,
                0.0005560991013869448,
                5.204170427930421e-16,
                -0.00018310078704073744,
                1.0027380345020798,
                0.00020142427745658414,
                7.632783294297951e-17,
                0.004462984984472545,
                0.0004616409121293683,
                0.9974881380287972,
                -2.7755575615628914e-17,
                -0.004625339239122228,
                -0.0005530803643150478,
                0.0025619896382907403,
                1.000000000000004
            ]
        }
    },
    "is_eye_in_hand": true,
    "modify_time": "2022-12-06T16:26:46",
    "segment_params": {
        "image_size": [
            1920,
            1200
        ],
        "layer_ini_depth": 1.3,
        "layer_interval": 0.2,
        "region_size": [
            1,
            1
        ]
    },
    "version": "1.6.1"
}
