{
    "camera_id": "NEM15226A300EX07",
    "intrinsic_2d_camera": {
        "dist_coefficients": [
            -0.06682126949688418,
            0.15509312533784142,
            -0.0009208796130456092,
            -0.00042459390035319073,
            0
        ],
        "intrinsic": [
            2740.7220531952776,
            2741.1958239307014,
            944.3770375188022,
            578.9612927757925
        ]
    },
    "intrinsic_3d_camera": {
        "dist_coefficients": [
            -0.06682126949688418,
            0.15509312533784142,
            -0.0009208796130456092,
            -0.00042459390035319073,
            0
        ],
        "intrinsic": [
            2740.7220531952776,
            2741.1958239307014,
            944.3770375188022,
            578.9612927757925
        ]
    },
    "intrinsic_cam3d_in_cam2d": [
        0,
        0,
        0,
        1,
        0,
        0,
        0
    ],
    "intrinsic_cam3d_pose_in_main": [
        0,
        0,
        0,
        1,
        0,
        0,
        0
    ],
    "modify_time": "2022-12-06T14:45:13"
}
